Metric,Seed Dataset,Generated Dataset
Distance,0.8300855875368652,0.7817960029082226
Dispersion,0.35407905910401805,0.31787049385519284
Isocontour Radius,0.013196750972476428,0.013516116210395319
Vocabulary Size,56,119.0
Unique 3-grams,136,982.0
Affinity,N/A,0.9229600617182194
