Metric,Seed Dataset,Generated Dataset
Distance,0.9110692348698947,0.7863270640127346
Dispersion,0.4242158021271467,0.3203477605504337
Isocontour Radius,0.014068794505686062,0.013674976853377785
Vocabulary Size,65,233.0
Unique 3-grams,133,1700.0
Affinity,N/A,0.8762620120059947
