Metric,Seed Dataset,Generated Dataset
Distance,0.7471071290622648,0.8268050778867476
Dispersion,0.291223867393983,0.3523257653533306
Isocontour Radius,0.011863307078081224,0.01432012641734286
Vocabulary Size,53,114.0
Unique 3-grams,104,982.0
Affinity,N/A,0.9223516245318639
