Metric,Seed Dataset,Generated Dataset
Distance,0.684579642401236,0.7863257450571284
Dispersion,0.2475211074851822,0.32034548449813394
Isocontour Radius,0.010397737363030903,0.013674836250485461
Vocabulary Size,33,233.0
Unique 3-grams,81,1700.0
Affinity,N/A,0.543159185630601
