Metric,Seed Dataset,Generated Dataset
Distance,1.0227907142543857,0.95743354406965
Dispersion,0.5289384954695531,0.46622144984493064
Isocontour Radius,0.016451553599797317,0.016800667382110022
Vocabulary Size,118,313.0
Unique 3-grams,205,2361.0
Affinity,N/A,0.9306085040019538
