Metric,Seed Dataset,Generated Dataset
Distance,0.8885458600952049,0.8610498444236595
Dispersion,0.411759804478541,0.3904658866301649
Isocontour Radius,0.013839317667923253,0.014908847691953418
Vocabulary Size,59,100.0
Unique 3-grams,78,579.0
Affinity,N/A,0.9377876831736878
