Metric,Seed Dataset,Generated Dataset
Distance,0.8887847291554632,0.8610539836273748
Dispersion,0.411995753938593,0.3904480907479534
Isocontour Radius,0.013843078439426742,0.01490897825423565
Vocabulary Size,59,100.0
Unique 3-grams,78,579.0
Affinity,N/A,0.9377977239571796
