Metric,Seed Dataset,Generated Dataset
Distance,1.0768500757943027,1.0595811755635793
Dispersion,0.5864141726874219,0.5766128718592053
Isocontour Radius,0.01730416890326895,0.0185072024275899
Vocabulary Size,98,209.0
Unique 3-grams,138,1067.0
Affinity,N/A,0.8986113443779375
