Metric,Seed Dataset,Generated Dataset
Distance,0.7470682951000007,0.8233535011428731
Dispersion,0.2911957841059527,0.3497157437467242
Isocontour Radius,0.011862508094165771,0.014279298602962507
Vocabulary Size,53,123.0
Unique 3-grams,104,1162.0
Affinity,N/A,0.929610035717909
