Metric,Seed Dataset,Generated Dataset
Distance,1.052837351157119,0.9956980555741014
Dispersion,0.5581701441471607,0.5075862743594903
Isocontour Radius,0.0160936684269754,0.01725641844109556
Vocabulary Size,62,149.0
Unique 3-grams,71,542.0
Affinity,N/A,0.8961322293138384
