Metric,Seed Dataset,Generated Dataset
Distance,0.9662774914703735,0.8535502018323251
Dispersion,0.47269420351527436,0.3850958488872329
Isocontour Radius,0.015281682994893417,0.014563756110226096
Vocabulary Size,55,75.0
Unique 3-grams,83,535.0
Affinity,N/A,0.9151510550898206
