Metric,Seed Dataset,Generated Dataset
Distance,1.0531467430263035,0.9916832104949795
Dispersion,0.5584979451828487,0.5034548556772153
Isocontour Radius,0.016097037660642403,0.017306813312513675
Vocabulary Size,62,189.0
Unique 3-grams,71,1235.0
Affinity,N/A,0.9015714802133072