Metric,Seed Dataset,Generated Dataset
Distance,1.0228152534497235,0.9574061535388723
Dispersion,0.5289644744606663,0.46619491672085434
Isocontour Radius,0.01645182187338447,0.016800198414999017
Vocabulary Size,118,313.0
Unique 3-grams,205,2361.0
Affinity,N/A,0.9306095333029809
