Metric,Seed Dataset,Generated Dataset
Distance,1.0768604227092773,1.0595930576365178
Dispersion,0.5864259058093471,0.576623996142323
Isocontour Radius,0.01730406251479615,0.018507348937868248
Vocabulary Size,98,209.0
Unique 3-grams,138,1067.0
Affinity,N/A,0.8986117209535998
